user_id,name,email,age
00234e50-34eb-4ce2-94ec-26e3fa749796,Dan Altenwerth Jr.,Molly59@gmail.com,67
006bfede-724d-4cdd-a2a6-59700f40d0da,Glenda Wisozk,Miriam21@gmail.com,119
006e1f7f-90c2-45ad-8c1d-1275d594cc88,Daniel Fahey IV,Delia.Lesch11@hotmail.com,49
00af05c9-0a86-419e-8c2d-5fb7e899ae1c,Ronnie Bechtelar,Sandra19@yahoo.com,22
00cc08cc-62f4-4da1-b8e4-f5d9ef5dbbd4,Alma Bechtelar,Shelly_Balistreri22@hotmail.com,102
01187f09-72be-4924-8a2d-150645dcadad,Jonathon Jones,Jody.Quigley-Ziemann33@yahoo.com,116
01ab6c5d-7ae2-4968-991a-d63e93d8d025,Forrest Heaney,Albert51@hotmail.com,104
02345e6f-78ab-4cde-9012-3456789abcde,Sarah Johnson,sarah.johnson@email.com,34
02345e6f-78ab-4cde-9012-3456789abcdf,Michael Brown,mike.brown@example.org,28
02345e6f-78ab-4cde-9012-3456789abce0,Emma Wilson,emma.w@test.com,31
03456f78-89bc-4def-0123-456789abcdef,David Miller,david.miller@sample.net,42
04567890-abcd-4ef0-1234-56789abcdef0,Lisa Garcia,lisa.garcia@demo.com,29
05678901-bcde-4f01-2345-6789abcdef01,James Rodriguez,james.r@example.com,55
06789012-cdef-4012-3456-789abcdef012,Maria Martinez,maria.m@test.org,38
07890123-def0-4123-4567-89abcdef0123,Robert Lee,robert.lee@sample.com,47
08901234-ef01-4234-5678-9abcdef01234,Jennifer Taylor,jen.taylor@demo.org,33
09012345-f012-4345-6789-abcdef012345,William Anderson,will.anderson@email.net,26
10123456-0123-4456-789a-bcdef0123456,Jessica Thomas,jessica.t@example.com,41
11234567-1234-4567-89ab-cdef01234567,Christopher Jackson,chris.j@test.com,36
12345678-2345-4678-9abc-def012345678,Amanda White,amanda.white@sample.org,30
13456789-3456-4789-abcd-ef0123456789,Matthew Harris,matt.harris@demo.com,44
14567890-4567-489a-bcde-f01234567890,Ashley Martin,ashley.m@email.org,27
15678901-5678-4901-cdef-012345678901,Joshua Thompson,josh.t@example.net,39
16789012-6789-4a12-def0-123456789012,Stephanie Garcia,steph.g@test.com,32
17890123-789a-4b23-ef01-234567890123,Daniel Wilson,dan.wilson@sample.com,45
18901234-89ab-4c34-f012-34567890123a,Michelle Lopez,michelle.l@demo.org,35
19012345-90bc-4d45-0123-4567890123ab,Kevin Hill,kevin.hill@email.com,40
20123456-01cd-4e56-1234-567890123abc,Laura Green,laura.green@example.org,37
21234567-12de-4f67-2345-67890123abcd,Mark Adams,mark.adams@test.net,43
22345678-23ef-4078-3456-7890123abcde,Nicole Baker,nicole.b@sample.com,25
23456789-34f0-4189-4567-890123abcdef,Brian Gonzalez,brian.g@demo.org,48
24567890-45f1-419a-5678-90123abcdef0,Kimberly Nelson,kim.nelson@email.com,31
25678901-56f2-42ab-6789-0123abcdef01,Eric Carter,eric.carter@example.net,52
26789012-67f3-43bc-789a-123abcdef012,Crystal Mitchell,crystal.m@test.org,28
27890123-78f4-44cd-89ab-23abcdef0123,Justin Perez,justin.p@sample.com,46
28901234-89f5-45de-9abc-3abcdef01234,Rachel Roberts,rachel.r@demo.com,34
29012345-90f6-46ef-abcd-abcdef012345,Brandon Turner,brandon.t@email.org,41
30123456-01f7-47f0-bcde-bcdef0123456,Heather Phillips,heather.p@example.com,29
31234567-12f8-4801-cdef-cdef01234567,Jacob Campbell,jacob.c@test.net,37
32345678-23f9-4912-def0-def012345678,Megan Parker,megan.p@sample.org,33
33456789-34fa-4a23-ef01-ef0123456789,Tyler Evans,tyler.e@demo.com,44
34567890-45fb-4b34-f012-f01234567890,Samantha Edwards,sam.edwards@email.com,26
35678901-56fc-4c45-0123-012345678901,Corey Collins,corey.c@example.org,50
36789012-67fd-4d56-1234-123456789012,Vanessa Stewart,vanessa.s@test.com,38
37890123-78fe-4e67-2345-234567890123,Sean Sanchez,sean.s@sample.net,42
38901234-89ff-4f78-3456-34567890123a,Tiffany Morris,tiffany.m@demo.org,30
39012345-90f0-4089-4567-4567890123ab,Ryan Rogers,ryan.r@email.com,35
40123456-01f1-419a-5678-567890123abc,Brittany Reed,brittany.r@example.net,27
41234567-12f2-42ab-6789-67890123abcd,Jonathan Cook,jonathan.c@test.org,49
42345678-23f3-43bc-789a-7890123abcde,Amber Bailey,amber.b@sample.com,32
43456789-34f4-44cd-89ab-890123abcdef,Adam Rivera,adam.r@demo.org,45
44567890-45f5-45de-9abc-90123abcdef0,Melissa Cooper,melissa.c@email.com,36
45678901-56f6-46ef-abcd-0123abcdef01,Nathan Richardson,nathan.r@example.net,40
46789012-67f7-47f0-bcde-123abcdef012,Christina Cox,christina.c@test.org,28
47890123-78f8-4801-cdef-23abcdef0123,Zachary Howard,zach.h@sample.com,47
48901234-89f9-4912-def0-3abcdef01234,Danielle Ward,danielle.w@demo.org,33
49012345-90fa-4a23-ef01-abcdef012345,Carlos Torres,carlos.t@email.com,41
